<?xml version="1.0" encoding="UTF-8"?>
<project-private xmlns="http://www.netbeans.org/ns/project-private/1">
    <editor-bookmarks xmlns="http://www.netbeans.org/ns/editor-bookmarks/2" lastBookmarkId="0"/>
    <open-files xmlns="http://www.netbeans.org/ns/projectui-open-files/2">
        <group>
            <file>file:/C:/Users/S524965/Documents/NetBeansProjects/AmbatiSaiPraneeth_Project11/src/java/validationMessages.properties</file>
            <file>file:/C:/Users/S524965/Documents/NetBeansProjects/AmbatiSaiPraneeth_Project11/web/index.xhtml</file>
            <file>file:/C:/Users/S524965/Documents/NetBeansProjects/AmbatiSaiPraneeth_Project11/web/Accept.xhtml</file>
            <file>file:/C:/Users/S524965/Documents/NetBeansProjects/AmbatiSaiPraneeth_Project11/web/Reject.xhtml</file>
            <file>file:/C:/Users/S524965/Documents/NetBeansProjects/AmbatiSaiPraneeth_Project11/web/errorMessageStyle.css</file>
            <file>file:/C:/Users/S524965/Documents/NetBeansProjects/AmbatiSaiPraneeth_Project11/src/java/nerdneighborhood/Ambati.java</file>
        </group>
    </open-files>
</project-private>
