<?xml version="1.0" encoding="UTF-8"?>
<project-private xmlns="http://www.netbeans.org/ns/project-private/1">
    <editor-bookmarks xmlns="http://www.netbeans.org/ns/editor-bookmarks/2" lastBookmarkId="0"/>
    <open-files xmlns="http://www.netbeans.org/ns/projectui-open-files/2">
        <group>
            <file>file:/C:/Users/S524965/Documents/NetBeansProjects/AmbatiSaiPraneeth_Project07/web/Ambati.html</file>
            <file>file:/C:/Users/S524965/Documents/NetBeansProjects/AmbatiSaiPraneeth_Project07/src/java/Ambati.java</file>
            <file>file:/C:/Users/S524965/Documents/NetBeansProjects/AmbatiSaiPraneeth_Project07/web/AmbatiServletCss.css</file>
            <file>file:/C:/Users/S524965/Documents/NetBeansProjects/AmbatiSaiPraneeth_Project07/web/Ambati.css</file>
        </group>
    </open-files>
</project-private>
