<?xml version="1.0" encoding="UTF-8"?>
<!--
To change this license header, choose License Headers in Project Properties.
To change this template file, choose Tools | Templates
and open the template in the editor.
-->

<!DOCTYPE song SYSTEM 'songs.dtd'>
<songList>
<song>
   <title>What Do You Mean</title>
   <singer>Justin Bieber</singer>
   <length>5</length>
   <ratingList>
      <rating>8</rating>
      <rating>9</rating>
   </ratingList>
</song>
<song>
   <title>The Hills</title>
   <singer>The Weeknd</singer>
   <length>7</length>
   <ratingList>
      <rating>7</rating>
      <rating>11</rating>
   </ratingList>
</song>
<song>
   <title>Cool For The Summer</title>
   <singer>Demi Lovato</singer>
   <length>6</length>
   <ratingList>
      <rating>7</rating>
      <rating>5</rating>
   </ratingList>
</song>
<song>
   <title>Photograph</title>
   <singer>Ed Sheeran</singer>
   <length>4</length>
   <ratingList>
      <rating>7</rating>
      <rating>8</rating>
   </ratingList>
</song>
</songList>
